product_id,name,total_units_sold
5,"Notebook Pack",3
3,"Water Bottle",2
4,"Running Shoes",2
7,Backpack,2
9,"Gaming Mouse",2
1,"Wireless Headphones",1
2,"Phone Charger",1
6,"Desk Lamp",1
10,"Yoga Mat",1
8,"Coffee Mug",1
